timestamp,open,high,low,close,volume
1629120600,444.5300,447.1100,442.8700,446.9700,73740000
1629207000,444.2400,444.9600,440.8500,444.0400,92673900
1629293400,442.9600,444.6300,438.9200,439.1800,89351900
1629379800,436.2700,441.1400,436.1200,439.8600,92812200
1629466200,440.2300,443.7100,439.7100,443.3600,72008700
1629725400,445.1600,448.2300,443.4400,447.2600,54973000
1629811800,447.9700,448.5400,447.4200,447.9700,38744700
1629898200,448.1700,449.4600,447.7700,448.9100,40529700
1629984600,448.6100,448.8600,446.1600,446.2600,57829600
1630071000,447.1200,450.6500,447.0600,450.2500,77235100
1630330200,450.9700,453.0700,450.7100,452.2300,48357400
1630416600,452.1300,452.4900,450.9200,451.5600,59300200
1630503000,452.5600,453.1100,451.5500,451.8000,48721400
1630589400,453.3200,454.0500,451.9100,453.1900,42501000
1630675800,451.9800,453.6300,451.5500,453.0800,47170500
1631021400,452.7100,452.8100,450.7400,451.4600,51671500
1631107800,450.8900,451.6700,448.8600,450.9100,56181900
1631194200,450.7000,452.5700,448.7200,448.9800,57970400
1631280600,451.0400,451.4900,445.3100,445.4400,89948200
1631539800,448.6400,448.9200,444.1100,446.5800,83738600
1631626200,448.1200,448.3400,443.2200,444.1700,78197100
1631712600,444.6200,448.4100,443.4400,447.8800,78792200
1631799000,447.3200,448.3600,444.0200,447.1700,77786700
1631885400,444.9200,445.3700,441.0200,441.4000,118425000
1632144600,434.8800,436.5600,428.8600,434.0400,166445500
1632231000,436.5300,437.9100,433.0700,433.6300,92526100
1632317400,436.0500,440.0300,433.7500,437.8600,102350100
1632403800,439.8500,444.8900,439.6000,443.1800,76396000
1632490200,441.4400,444.6700,441.2100,443.9100,62094800
1632749400,442.8100,444.0500,441.9000,442.6400,61371100
1632835800,439.6900,440.0400,432.9400,433.7200,130436300
1632922200,435.1900,437.0400,433.8500,434.4500,82329200
1633008600,436.0200,436.7700,428.7800,429.1400,140506000
1633095000,430.9800,436.0300,427.2300,434.2400,129240100
1633354200,433.0000,433.9600,426.3600,428.6400,128570000
1633440600,430.2400,435.4900,429.3900,433.1000,90682500
1633527000,429.2700,435.1200,427.5400,434.9000,113032200
1633613400,438.3900,441.6800,438.2000,438.6600,72437500
1633699800,439.4800,439.8900,437.1900,437.8600,74557400
1633959000,437.1600,440.2600,434.6200,434.6900,65233300
1634045400,435.6700,436.1000,432.7800,433.6200,71181200
1634131800,434.7100,436.0500,431.5400,435.1800,72974000
1634218200,439.0800,442.6600,438.5800,442.5000,70236800
1634304600,444.7500,446.2600,444.0900,445.8700,66260200
1634563800,443.9700,447.5500,443.2700,447.1900,62213200
1634650200,448.9200,450.7100,448.2700,450.6400,46996800
1634736600,451.1300,452.7300,451.0100,452.4100,49571600
1634823000,451.7700,453.8300,451.3100,453.5900,41305400
1634909400,453.1300,454.6700,451.0500,453.1200,58845100
1635168600,454.2800,455.9000,452.3900,455.5500,45214500
1635255000,457.2000,458.4900,455.5600,455.9600,56075100
1635341400,456.4500,457.1600,453.8600,453.9400,72438000
1635427800,455.4600,458.4000,455.4500,458.3200,51437900
1635514200,455.8700,459.5600,455.5600,459.2500,70162400
1635773400,460.3000,460.7000,458.2000,460.0400,48433600
1635859800,460.2200,462.2300,460.0800,461.9000,48908400
1635946200,461.3000,465.1500,460.8300,464.7200,52509800
1636032600,465.3600,467.0000,464.9900,466.9100,52847100
1636119000,469.2800,470.6500,466.9200,468.5300,66390600
1636381800,469.7000,470.2300,468.2000,468.9300,50405200
1636468200,469.3200,469.5700,465.8800,467.3800,51149100
1636554600,465.5800,467.3800,462.0400,463.6200,69429700
1636641000,465.2100,465.2900,463.7500,463.7700,34848500
1636727400,465.1200,467.8600,464.1100,467.2700,53466700
1636986600,468.6400,468.8100,466.2300,467.4300,46980500
1637073000,467.1500,470.4900,467.0700,469.2800,48857500
1637159400,469.0000,469.1900,467.4800,468.1400,47858300
1637245800,469.2400,470.0100,466.3400,469.7300,50625600
1637332200,469.6100,470.9400,468.5000,468.8900,57315600
1637591400,470.8900,473.5400,467.3500,467.5700,72762000
1637677800,467.2200,469.1000,464.4500,468.1900,73206500
1637764200,466.0600,469.5700,465.1900,469.4400,61858800
1637937000,462.3400,463.9000,457.7700,458.9700,112669600
1638196200,464.0700,466.5600,461.7300,464.6000,86268800
1638282600,462.0000,464.0300,455.3000,455.5600,148559600
1638369000,461.6400,464.6700,450.2900,450.5000,131939200
1638455400,450.7300,459.0700,450.3100,457.4000,127637800
1638541800,459.1700,460.3000,448.9200,453.4200,137331600
1638801000,456.1300,460.7900,453.5600,458.7900,98977500
1638887400,464.4100,468.8800,458.6500,468.2800,95484700
1638973800,468.7000,470.0000,466.8300,469.5200,72238800
1639060200,468.1500,469.6300,466.1400,466.3500,61272600
1639146600,469.2300,470.9000,466.5100,470.7400,77159800
1639405800,470.1900,470.5600,466.2700,466.5700,87724700
1639492200,463.0900,465.7400,460.2500,463.3600,97264100
1639578600,463.4200,470.8600,460.7400,470.6000,116899300
1639665000,472.5700,472.8700,464.8000,466.4500,116568600
1639751400,461.5500,464.7400,458.0600,459.8700,135511600
1640010600,454.4800,455.4000,451.1400,454.9800,107134800
1640097000,458.6100,463.2100,456.3100,463.0600,69806300
1640183400,462.7900,467.8100,462.5800,467.6900,58890200
1640269800,468.7500,472.1900,468.6400,470.6000,56439700
1640615400,472.0600,477.3100,472.0100,477.2600,56808600
1640701800,477.7200,478.8100,476.0600,476.8700,47274600
1640788200,476.9800,478.5600,475.9200,477.4800,54503000
1640874600,477.9300,479.0000,475.6700,476.1600,55329000
1640961000,475.6400,476.8600,474.6700,474.9600,65237400
1641220200,476.3000,477.8500,473.8500,477.7100,72668200
1641306600,479.2200,479.9800,475.5800,477.5500,71178700
1641393000,477.1600,477.9800,468.2800,468.3800,104538900
1641479400,467.8900,470.8200,465.4300,467.9400,86858900
1641565800,467.9500,469.2000,464.6500,466.0900,85111600
1641825000,462.7000,465.7400,456.6000,465.5100,119362000
1641911400,465.2300,469.8500,462.0500,469.7500,74303100
1641997800,471.5900,473.2000,468.9400,471.0200,67605400
1642084200,472.1900,472.8800,463.4400,464.5300,91173100
1642170600,461.1900,465.0900,459.9000,464.7200,95890900
1642516200,459.7400,459.9600,455.3100,456.4900,109709100
1642602600,458.1300,459.6100,451.4600,451.7500,109357600
1642689000,453.7500,458.7400,444.5000,446.7500,122379700
1642775400,445.5600,448.0600,437.9500,437.9800,202271200
1643034600,432.0300,440.3800,420.7600,439.8400,251783900
1643121000,433.0600,439.7200,427.1500,434.4700,167997300
1643207400,440.7200,444.0400,428.8600,433.3800,186391100
1643293800,438.2600,441.5900,429.4500,431.2400,149878300
1643380200,432.6800,442.0000,427.8200,441.9500,164457400
1643639400,441.2400,450.2800,439.8100,449.9100,152251400
1643725800,450.6800,453.6300,446.9400,452.9500,123155400
1643812200,455.5000,458.1200,453.0500,457.3500,117361000
1643898600,450.9500,452.9700,445.7100,446.6000,118024400
1643985000,446.3500,452.7800,443.8300,448.7000,118454400
1644244200,449.5100,450.9900,445.8500,447.2600,84472900
1644330600,446.7300,451.9200,445.2200,450.9400,81012000
1644417000,455.2200,457.8800,455.0100,457.5400,92589900
1644503400,451.3400,457.7100,447.2000,449.3200,140103700
1644589800,449.4100,451.6100,438.9400,440.4600,153214600
1644849000,439.9200,441.6000,435.3400,439.0200,123006300
1644935400,443.7300,446.2800,443.1800,446.1000,88482700
1645021800,443.9300,448.0600,441.9400,446.6000,84863600
1645108200,443.2200,446.5700,436.4200,437.0600,102259100
1645194600,437.3300,438.6600,431.8200,434.2300,132642900
1645540200,431.8900,435.5000,425.8600,429.5700,124391800
1645626600,432.6600,433.2600,421.3500,421.9500,132578000
1645713000,411.0200,428.7600,410.6400,428.3000,213942900
1645799400,429.6100,437.8400,427.8600,437.7500,121804500
1646058600,432.0300,438.2000,430.7000,436.6300,145615000
1646145000,435.0400,437.1700,427.1100,429.9800,137785900
1646231400,432.3700,439.7200,431.5700,437.8900,117726500
1646317800,440.4700,441.1100,433.8000,435.7100,105501700
1646404200,431.7500,433.3700,427.8800,432.1700,113978200
1646663400,431.5500,432.3000,419.3600,419.4300,137896600
1646749800,419.6200,427.2100,415.1200,416.2500,164772700
1646836200,425.1400,429.5100,422.8200,427.4100,116990800
1646922600,422.5200,426.4300,420.4400,425.4800,93972700
1647009000,428.1200,428.7700,419.5300,420.0700,95636300
1647264600,420.8900,424.5500,415.7900,417.0000,95729200
1647351000,419.7700,426.8400,418.4200,426.1700,106219100
1647437400,429.8900,435.6800,424.8000,435.6200,144954800
1647523800,433.5900,441.0700,433.1900,441.0700,102676900
1647610200,438.0000,444.8600,437.2200,444.5200,106345500
1647869400,444.3400,446.4600,440.6800,444.3900,88349800
1647955800,445.8600,450.5800,445.8600,449.5900,74650400
1648042200,446.9100,448.4900,443.7100,443.8000,79426100
1648128600,445.9400,450.5000,444.7600,450.4900,64736900
1648215000,451.1600,452.9800,448.4300,452.6900,77101300
1648474200,452.0600,455.9100,450.0600,455.9100,68529800
1648560600,460.0200,462.0700,457.1800,461.5500,86581500
1648647000,460.3400,461.2000,456.4700,458.7000,79666900
1648733400,457.8900,458.7600,451.1600,451.6400,121699900
1648819800,453.3100,453.4600,449.1400,452.9200,89048800
1649079000,453.1300,456.9100,452.2600,456.8000,59601000
1649165400,455.2200,457.8300,449.8200,451.0300,74214500
1649251800,446.8900,448.9300,443.4700,446.5200,106898000
1649338200,445.5900,450.6900,443.5300,448.7700,78097200
1649424600,447.9700,450.6300,445.9400,447.5700,79272700
1649683800,444.1100,445.0000,439.3900,439.9200,89770500
1649770200,443.0800,445.7500,436.6500,438.2900,84363600
1649856600,438.0300,444.1100,437.8400,443.3100,74070400
1649943000,443.5500,444.7300,437.6800,437.7900,97869500
1650288600,436.8100,439.7500,435.6100,437.9700,66002500
1650375000,437.8600,445.8000,437.6800,445.0400,77821000
1650461400,446.9200,447.5700,443.4800,444.7100,65224400
1650547800,448.5400,450.0100,437.1000,438.0600,85417300
1650634200,436.9100,438.0800,425.4400,426.0400,132471800
1650893400,423.6700,428.6900,418.8400,428.5100,119647700
1650979800,425.8300,426.0400,416.0700,416.1000,103996300
1651066200,417.2400,422.9200,415.0100,417.2700,122030000
1651152600,422.2900,429.6400,417.6000,427.8100,105449100
1651239000,423.5900,425.8700,411.2100,412.0000,145491100
1651498200,412.0700,415.9200,405.0200,414.4800,158312500
1651584600,415.0100,418.9300,413.3600,416.3800,100028200
1651671000,417.0800,429.6600,413.7100,429.0600,144247900
1651757400,424.5500,425.0000,409.4400,413.8100,172929100
1651843800,411.1000,414.8000,405.7300,411.3400,151770800
1652103000,405.1000,406.4100,396.5000,398.1700,155586100
1652189400,404.4900,406.0800,394.8200,399.0900,132497200
1652275800,398.0700,404.0400,391.9600,392.7500,142361000
1652362200,389.3700,395.8000,385.1500,392.3400,125090800
1652448600,396.7100,403.1800,395.6100,401.7200,104174400
1652707800,399.9800,403.9700,397.6000,400.0900,78622400
1652794200,406.5300,408.5700,402.5800,408.3200,83029700
1652880600,403.5000,403.8000,390.5500,391.8600,117674500
1652967000,388.6200,394.1400,387.1100,389.4600,98510700
1653053400,393.2500,397.0300,380.5400,389.6300,131432200
1653312600,392.8300,397.7300,390.3800,396.9200,76414900
1653399000,392.5600,395.1500,386.9600,393.8900,91448800
1653485400,392.3100,399.4500,391.8900,397.3700,91472900
1653571800,398.6700,407.0400,398.4500,405.3100,82168300
1653658200,407.9100,415.3800,407.7000,415.2600,84768700
1654003800,413.5500,416.4600,410.0300,412.9300,95937000
1654090200,415.1700,416.2400,406.9300,409.5900,86585800
1654176600,409.4200,417.4400,407.0400,417.3900,79609600
1654263000,412.4000,414.0400,409.5100,410.5400,71874300
1654522200,414.7800,416.6100,410.5500,411.7900,57508900
1654608600,408.1000,416.2200,407.6100,415.7400,59272400
1654695000,413.9300,415.8200,410.3800,411.2200,64350000
1654781400,409.3400,411.7400,401.4400,401.4400,86289800
1654867800,394.8800,395.7800,389.7500,389.8000,132893900
1655127000,379.8500,381.8100,373.3000,375.0000,170004900
1655213400,376.8500,377.9400,370.5900,373.8700,104011800
1655299800,377.3600,383.9000,372.1200,379.2000,125666800
1655386200,370.5100,370.9400,364.0800,366.6500,134473300
1655472600,365.5100,369.3800,362.1700,365.8600,111113900
1655818200,371.8900,376.5300,371.8100,375.0700,76811900
1655904600,370.6200,378.7200,370.1800,374.3900,90059400
1655991000,376.6400,378.8300,372.8900,378.0600,79292100
1656077400,381.4000,390.0900,381.3700,390.0800,98050300
1656336600,391.0500,391.3600,387.4400,388.5900,66009600
1656423000,390.2300,393.1600,380.5300,380.6500,86548900
1656509400,381.2300,382.2700,378.4200,380.3400,65676000
1656595800,376.2400,380.6600,372.5600,377.2500,112508300
1656682200,376.5600,381.7000,373.8000,381.2400,74839700
1657027800,375.8800,381.9800,372.9000,381.9600,81438000
1657114200,382.1100,385.8700,379.6000,383.2500,70426200
1657200600,385.1200,389.8300,383.2700,388.9900,64525900
1657287000,387.2700,390.6400,385.6600,388.6700,72397800
1657546200,385.8500,386.8700,383.5000,384.2300,58366900
1657632600,383.6500,386.1600,378.9900,380.8300,62219200
1657719000,375.1000,381.9200,374.6600,378.8300,84224600
1657805400,373.6100,379.0500,371.0400,377.9100,89704800
1657891800,382.5500,385.2500,380.5400,385.1300,79060400
1658151000,388.3800,389.0900,380.6600,381.9500,63203600
1658237400,386.0800,392.8700,385.3900,392.2700,78506000
1658323800,392.4700,396.2600,391.0300,394.7700,71843800
1658410200,394.1600,398.8400,391.6300,398.7900,64903900
1658496600,398.9200,400.1800,392.7500,395.0900,72197300
1658755800,395.7500,396.4700,393.2100,395.5700,53631500
1658842200,393.8400,394.0600,389.9500,390.8900,52946400
1658928600,394.3600,402.8800,394.0500,401.0400,82342100
1659015000,401.8900,406.8000,398.1500,406.0700,73966600
1659101400,407.5800,413.0300,406.7700,411.9900,87003700
1659360600,409.1500,413.4100,408.4000,410.7700,69997500
1659447000,409.1200,413.0000,406.8200,408.0600,63435400
1659533400,410.3000,415.6800,410.0000,414.4500,67820600
1659619800,414.3700,415.0900,412.4400,414.1700,45656600
1659706200,409.6600,414.1500,409.6000,413.4700,56814900
1659965400,415.2500,417.6200,411.8300,412.9900,53886100
1660051800,412.2200,412.7500,410.2200,411.3500,44931800
1660138200,418.7800,420.1400,416.7200,419.9900,68665700
1660224600,422.9900,424.9500,419.2100,419.9900,59489700
1660311000,422.0300,427.2100,421.0300,427.1000,61694500
1660570200,424.7700,429.4100,424.7100,428.8600,54048300
1660656600,427.7300,431.7300,426.8800,429.7000,59289000
1660743000,425.9100,429.5000,424.5400,426.6500,63563400
1660829400,426.8600,428.6100,425.5000,427.8900,49023200
1660915800,424.9800,425.2600,421.2200,422.1400,68016900
1661175000,417.0500,417.2300,412.4000,413.3500,77695600
1661261400,412.9000,415.4200,411.7700,412.3500,49105200
1661347800,412.1100,415.1100,411.3900,413.6700,49177800
1661434200,415.2400,419.5600,414.0900,419.5100,50942300
1661520600,419.3900,419.9600,405.2500,405.3100,103087000
1661779800,402.2000,405.8400,401.2000,402.6300,65370800
1661866200,403.8500,404.1000,396.0000,398.2100,85652400
1661952600,399.9300,401.2400,395.0400,395.1800,76029700
1662039000,392.8900,396.7800,390.0400,396.4200,78740100
1662125400,400.2800,401.5600,390.3300,392.2400,99632100
1662471000,393.1300,394.1200,388.4200,390.7600,76637400
1662557400,390.4300,398.5900,390.2000,397.7800,70964200
1662643800,395.3900,400.8600,394.1200,400.3800,80821700
1662730200,402.7400,407.5100,402.4600,406.6000,76706900
1662989400,408.7800,411.7300,408.4600,410.9700,69256300
1663075800,401.8300,403.1000,391.9200,393.1000,122947100
1663162200,394.4700,396.2000,391.1200,394.6000,85023700
1663248600,392.9600,395.9600,388.7800,390.1200,87633800
1663335000,384.1400,386.2500,382.1100,385.5600,103084800
1663594200,382.2600,388.5500,382.1800,388.5500,73278500
1663680600,385.0600,386.1200,381.2000,384.0900,77274900
1663767000,386.1100,389.3100,377.3800,377.3900,106746600
1663853400,376.5800,378.3000,373.4400,374.2200,89472600
1663939800,370.5800,370.6200,363.2900,367.9500,122346900
1664199000,366.4100,370.2100,363.0300,364.3100,92581200
1664285400,368.0200,370.4000,360.8700,363.3800,108294100
1664371800,364.3800,372.3000,362.6000,370.5300,110802200
1664458200,366.8100,367.1100,359.7000,362.7900,112952300
1664544600,361.8000,365.9100,357.0400,357.1800,153711200
1664803800,361.0800,368.5500,359.2100,366.6100,89756500
1664890200,372.4000,378.0000,366.5700,377.9700,103602800
1664976600,373.3900,379.4600,370.9500,377.0900,88065700
1665063000,375.6200,378.7200,372.6800,373.2000,82333500
1665149400,368.9700,373.2900,360.9400,362.7900,107789500
1665408600,363.9600,364.2100,357.6700,360.0200,76042800
1665495000,358.2400,363.0300,355.7100,357.7400,92482800
1665581400,358.1700,359.8200,356.3000,356.5600,76991800
1665667800,349.2100,367.5100,348.1100,365.9700,147254500
1665754200,368.5500,370.2600,356.9600,357.6300,123737000
1666013400,364.0100,367.9800,357.2800,366.8200,93168200
1666099800,375.1300,375.4500,367.5200,371.1300,97162900
1666186200,368.9900,371.8500,365.5500,368.5000,79746900
1666272600,368.0300,372.6700,364.6100,365.4100,88283100
1666359000,365.1200,374.8000,363.5400,374.2900,131038400
1666618200,375.8900,380.0600,373.1100,378.8700,85436900
1666704600,378.7900,385.2500,378.6700,384.9200,78846300
1666791000,381.6200,387.5800,381.3500,382.0200,104087300
1666877400,383.0700,385.0000,379.3300,379.9800,81971800
1666963800,379.8700,389.5200,379.6800,389.0200,100302000
1667223000,386.4400,388.4000,385.2600,386.2100,96631300
1667309400,390.1400,390.3900,383.2900,384.5200,85407600
1667395800,383.9000,388.6300,374.7600,374.8700,126990400
1667482200,371.4700,374.2000,368.7900,371.0100,87100100
1667568600,377.0000,378.8700,370.0000,376.3500,103505200
1667831400,377.7100,380.5700,375.5300,379.9500,68286900
1667917800,381.1100,385.1200,377.7200,382.0000,84641100
1668004200,379.9300,381.1400,373.6100,374.1300,78495500
1668090600,388.0500,395.0400,385.6400,394.6900,141455800
1668177000,395.5900,399.3500,393.6100,398.5100,93839900
1668436200,396.6600,400.1800,394.8300,395.1200,71903500
1668522600,401.1500,402.3100,394.4900,398.4900,93194500
1668609000,396.7800,397.7800,394.7900,395.4500,68508500
1668695400,390.4600,394.9500,390.1400,394.2400,74496300
1668781800,397.7400,397.8100,393.0400,396.0300,92922500
1669041000,394.6400,395.8200,392.6600,394.5900,51243200
1669127400,396.6300,400.0700,395.1500,399.9000,60429000
1669213800,399.5500,402.9300,399.3100,402.4200,68261600
1669386600,401.8300,402.9100,401.5400,402.3300,30545400
1669645800,399.0900,400.8100,395.1100,395.9100,67881600
1669732200,396.0500,397.3000,393.3000,395.2300,52310000
1669818600,395.4900,407.6800,393.4800,407.6800,144566700
1669905000,408.7700,410.0000,404.7500,407.3800,76398200
1669991400,402.2500,407.8600,402.1400,406.9100,85342700
1670250600,403.9500,404.9300,398.1700,399.5900,77289800
1670337000,399.4200,399.9900,391.6400,393.8300,77972200
1670423400,392.9400,395.6400,391.9700,393.1600,65927900
1670509800,395.1400,397.3600,393.2700,396.2400,60737900
1670596200,394.9400,397.6200,393.1500,393.2800,81447700
1670855400,394.1100,398.9500,393.4100,398.9500,75405800
1670941800,410.2200,410.4900,399.0700,401.9700,123782500
1671028200,401.6100,405.5000,396.3100,399.4000,108111300
1671114600,394.3000,395.2500,387.8900,389.6300,117705900
1671201000,385.1800,386.5800,381.0400,383.2700,119858000
1671460200,383.4700,383.8200,378.2800,380.0200,79878100
1671546600,379.2300,382.2300,377.8500,380.5400,74427200
1671633000,383.2500,387.4100,382.6900,386.2300,78167400
1671719400,383.0500,386.2100,374.7700,380.7200,100120900
1671805800,379.6500,383.0600,378.0300,382.9100,59857300
1672151400,382.7900,383.1500,379.6500,381.4000,51638200
1672237800,381.3300,383.3900,376.4200,376.6600,70911500
1672324200,379.6300,384.3500,379.0800,383.4400,66970900
1672410600,380.6400,382.5800,378.4300,382.4300,84022200
1672756200,384.3700,386.4300,377.8300,380.8200,74850700
1672842600,383.1800,385.8800,380.0000,383.7600,85934100
1672929000,381.7200,381.8400,378.7600,379.3800,76970500
1673015400,382.6100,389.2500,379.4100,388.0800,104189600
1673274600,390.3700,393.7000,387.6700,387.8600,73978100
1673361000,387.2500,390.6500,386.2700,390.5800,65358100
1673447400,392.2300,395.6000,391.3800,395.5200,68881100
1673533800,396.6700,398.4900,392.4200,396.9600,90157700
1673620200,393.6200,399.1000,393.3400,398.5000,63903900
1673965800,398.4800,400.2300,397.0600,397.7700,62677300
1674052200,399.0100,400.1200,391.2800,391.4900,99632300
1674138600,389.3600,391.0800,387.2600,388.6400,86958900
1674225000,390.1000,396.0400,388.3800,395.8800,91806400
1674484200,396.7200,402.6500,395.7200,400.6300,84178800
1674570600,398.8800,401.1500,397.6400,400.2000,59524900
1674657000,395.9500,400.7000,393.5600,400.3500,84800300
1674743400,403.1300,404.9200,400.0300,404.7500,72287400
1674829800,403.6600,408.1600,403.4400,405.6800,68346200
1675089000,402.8000,405.1300,400.2800,400.5900,74202000
1675175400,401.1300,406.5300,400.7700,406.4800,86811800
1675261800,405.2100,413.6700,402.3500,410.8000,101459200
1675348200,414.8600,418.3100,412.8800,416.7800,101654500
1675434600,411.5900,416.9700,411.0900,412.3500,94736800
1675693800,409.7900,411.2900,408.1000,409.8300,60295300
1675780200,408.8700,416.4900,407.5700,415.1900,90990700
1675866600,413.1300,414.5300,409.9300,410.6500,76227500
1675953000,414.4100,414.5700,405.8100,407.0900,78694900
1676039400,405.8600,408.4400,405.0100,408.0400,70769700
1676298600,408.7200,412.9700,408.2400,412.8300,64913500
1676385000,411.2400,415.0500,408.5100,412.6400,88389300
1676471400,410.3500,414.0600,409.4700,413.9800,61555700
1676557800,408.7900,412.9100,408.1400,408.2800,76431500
1676644200,406.0600,407.5100,404.0500,407.2600,89257800
1676989800,403.0600,404.1600,398.8200,399.0900,82655900
1677076200,399.5200,401.1300,397.0200,398.5400,83742300
1677162600,401.5600,402.2000,396.2500,400.6600,96242400
1677249000,395.4200,397.2500,393.6400,396.3800,108194400
1677508200,399.8700,401.2900,396.7500,397.7300,80444700
1677594600,397.2300,399.2800,396.1500,396.2600,96438600
1677681000,395.4100,396.6900,393.3800,394.7400,99706800
1677767400,392.6800,398.6900,392.3300,397.8100,85127800
1677853800,399.7100,404.4500,399.0300,404.1900,90120000
1678113000,405.0500,407.4500,404.0100,404.4700,72795900
1678199400,404.4200,404.6700,397.6300,398.2700,108310600
1678285800,398.3900,399.7100,396.5900,398.9200,74746600
1678372200,399.7400,401.4800,390.5300,391.5600,111945300
1678458600,390.9900,393.1600,384.3200,385.9100,189253000
1678714200,381.8100,390.3900,380.6500,385.3600,157790000
1678800600,390.5000,393.4500,387.0500,391.7300,149752400
1678887000,385.8900,389.4900,383.7100,389.2800,172996900
1678973400,386.8200,396.4700,386.2900,396.1100,143254200
1679059800,393.2200,394.4000,388.5500,389.9900,140553400
1679319000,390.8000,394.1700,390.0700,393.7400,93055800
1679405400,397.2400,399.4100,395.5800,398.9100,91524200
1679491800,398.7300,402.4900,392.0700,392.1100,111746600
1679578200,395.0900,399.2900,390.3500,393.1700,119351300
1679664600,391.8400,395.8400,389.4000,395.7500,107682400
1679923800,398.1200,398.9200,395.5600,396.4900,74010400
1680010200,395.7700,396.4900,393.6900,395.6000,62871700
1680096600,399.9300,401.6000,398.6800,401.3500,77497900
1680183000,404.0900,404.3500,401.7600,403.7000,69840000
1680269400,404.6600,409.7000,404.5500,409.3900,112062600
1680528600,408.8500,411.3700,408.4400,410.9500,67391100
1680615000,411.6200,411.9200,407.2400,408.6700,66601500
1680701400,407.9100,408.7000,405.8800,407.6000,65200200
1680787800,406.7700,409.4800,405.6800,409.1900,63743300
1681133400,406.6100,409.6900,405.9700,409.6100,63681000
1681219800,410.2600,411.1800,408.9200,409.7200,59297900
1681306200,411.8700,412.1700,407.4400,408.0500,86420400
1681392600,409.1800,413.8400,407.9900,413.4700,85814800
1681479000,412.8100,415.0900,410.0600,412.4600,78161500
1681738200,412.3700,413.9600,411.0900,413.9400,66436400
1681824600,415.5800,415.7200,412.7800,414.2100,63560000
1681911000,412.2200,415.0800,412.1600,414.1400,55227300
1681997400,411.2100,413.7000,410.2700,411.8800,75840400
1682083800,412.1900,412.6800,410.1700,412.2000,73457400
1682343000,411.9900,413.0700,410.6000,412.6300,64332100
1682429400,410.5800,411.1600,406.0200,406.0800,97766700
1682515800,406.7200,407.8400,403.7800,404.3600,80447000
1682602200,407.0000,412.6900,406.7400,412.4100,92968400
1682688600,411.4900,415.9400,411.4300,415.9300,89433100
1682947800,415.4700,417.6200,415.2700,415.5100,62122300
1683034200,414.7700,414.8200,407.8200,410.8400,103998500
1683120600,411.3600,413.8700,407.7700,408.0200,91531800
1683207000,406.9300,407.2700,403.7400,405.1300,94901900
1683293400,408.9100,413.7200,408.6400,412.6300,87891800
1683552600,412.9700,413.2400,411.2800,412.7400,50046800
1683639000,411.1300,412.0900,410.6900,410.9300,49220100
1683725400,413.8800,414.5400,408.8700,412.8500,96142900
1683811800,411.9500,412.4300,409.9700,412.1300,70157100
1683898200,413.4200,413.6400,409.0700,411.5900,70481500
1684157400,412.2200,413.4300,410.2300,413.0100,54289400
1684243800,411.8600,412.8200,410.2400,410.2500,57705500
1684330200,412.3500,415.8600,410.6400,415.2300,87287000
1684416600,414.9000,419.6700,414.6700,419.2300,97177200
1684503000,420.1700,420.7200,417.3500,418.6200,103793300
1684762200,418.6400,420.3900,417.3500,418.7900,60745400
1684848600,417.0800,418.7200,413.6800,414.0900,86383500
1684935000,412.4200,412.8200,409.8800,411.0900,89213700
1685021400,414.7400,416.1600,412.4100,414.6500,90961600
1685107800,415.3300,420.7700,415.2500,420.0200,93830000
1685453400,422.0300,422.5800,418.7400,420.1800,72216000
1685539800,418.2800,419.2200,416.2200,417.8500,110811800
1685626200,418.0900,422.9200,416.7900,421.8200,88865000
1685712600,424.5000,428.7400,423.9500,427.9200,91426200
1685971800,428.2800,429.6200,426.3700,427.1000,65460200
1686058200,426.6700,428.5800,425.9900,428.0300,64022200
1686144600,428.4400,429.6200,426.1100,426.5500,85373300
1686231000,426.6200,429.6000,425.8200,429.1300,61952800
1686317400,429.9600,431.9900,428.8700,429.9000,85742800
1686576600,430.9200,433.8800,430.1700,433.8000,76104300
1686663000,435.3200,437.3300,434.6300,436.6600,95899700
1686749400,437.0100,439.0600,433.5900,437.1800,100612100
1686835800,436.3300,443.9000,436.2300,442.6000,110303100
1686922200,443.0200,443.6100,438.9700,439.4600,114165800
1687267800,437.4500,438.3700,435.0300,437.1800,76160400
1687354200,436.1600,436.9900,434.3300,434.9400,76982300
1687440600,433.9500,436.6200,433.6000,436.5100,70637200
1687527000,432.9300,435.0600,432.4700,433.2100,92074500
1687786200,432.6200,434.6100,431.1900,431.4400,72823600
1687872600,432.3500,436.8100,431.8800,436.1700,72813700
1687959000,435.0500,437.4400,434.4100,436.3900,75636000
1688045400,435.9600,438.2800,435.5400,438.1100,67882300
1688131800,441.4400,444.3000,441.1100,443.2800,104964000
1688391000,442.9200,444.0800,442.6300,443.7900,32793400
1688563800,441.9100,443.8900,441.9000,443.1300,58418400
1688650200,439.4200,440.1000,437.0600,439.6600,80658300
1688736600,438.6300,442.6400,438.3000,438.5500,86134200
1688995800,438.1800,439.8400,437.5900,439.6600,62443500
1689082200,440.4500,442.9700,439.4400,442.4600,64463800
1689168600,446.3900,447.4800,444.9100,446.0200,91924500
1689255000,447.9000,450.3800,447.4500,449.5600,72425200
1689341400,450.4800,451.3600,448.4900,449.2800,69815800
1689600600,449.1300,451.9300,449.0800,450.8400,52680200
1689687000,450.5000,454.8600,450.0500,454.1900,80668200
1689773400,455.0100,456.4300,454.1100,455.2000,65891700
1689859800,454.1700,455.1000,451.4400,452.1800,70591600
1689946200,453.9600,454.1700,452.1700,452.1800,71275600
1690205400,453.3700,455.0400,452.3000,454.2000,54023400
1690291800,453.9200,456.7400,453.8700,455.4400,55191200
1690378200,454.4700,456.9900,453.3800,455.5100,71052900
1690464600,459.0200,459.4400,451.5500,452.4900,92194400
1690551000,455.8800,457.7800,452.4900,456.9200,80011800
1690810200,457.4100,458.1600,456.0500,457.7900,62040400
1690896600,456.2700,457.2500,455.4900,456.4800,55291500
1690983000,453.2500,453.5200,449.3500,450.1300,93933400
1691069400,448.0400,450.7900,447.3700,448.8400,64276100
1691155800,450.7200,452.9000,446.2700,446.8100,100128900
1691415000,448.7100,450.8700,447.9900,450.7100,58357500
1691501400,448.0800,450.7000,445.2700,448.7500,71361300
1691587800,449.0300,449.2000,444.9600,445.7500,78789600
1691674200,448.1900,451.7000,444.7000,445.9100,93005500
1691760600,443.9700,446.7000,443.3500,445.6500,68690900
1692019800,444.7000,448.1100,444.3800,448.1100,47867400
1692106200,446.2700,446.6400,442.3000,442.8900,75707500
1692192600,442.4600,444.1800,439.5300,439.6400,80107200
1692279000,441.1600,441.4300,435.7500,436.2900,95711300
1692365400,433.3700,437.5700,433.0100,436.5000,98852000
1692624600,437.5500,440.1100,435.3200,439.3400,68719000
1692711000,441.1800,441.1800,437.5700,438.1500,64994200
1692797400,439.2500,443.6700,439.1000,443.0300,68441000
1692883800,444.6900,445.2200,436.8600,436.8900,88517300
1692970200,438.6800,441.3000,435.0000,439.9700,102325100
1693229400,442.2400,443.4000,439.9700,442.7600,61595400
1693315800,442.6500,449.4500,442.4600,449.1600,83081900
1693402200,449.5100,451.6700,448.7800,451.0100,69053900
1693488600,451.6500,452.8300,450.1600,450.3500,66084600
1693575000,453.1700,453.6700,449.6800,451.1900,58944100
1693920600,450.7300,451.0600,449.1700,449.2400,55166200
1694007000,448.4000,448.5100,443.8100,446.2200,70758500
1694093400,443.1100,445.5500,442.7500,444.8500,70355400
1694179800,444.9000,447.1100,444.5300,445.5200,61659700
1694439000,448.2400,448.7700,446.4700,448.4500,60180100
1694525400,446.9500,448.5300,445.3900,445.9900,67565400
1694611800,446.2200,447.7100,445.0800,446.5100,60199300
1694698200,449.0700,451.0800,447.7200,450.3600,83430800
1694784600,447.1400,447.4800,442.9200,443.3700,111848900
1695043800,443.0500,444.9700,442.5600,443.6300,55752200
1695130200,442.6800,443.2900,439.9400,442.7100,66514600
1695216600,444.0100,444.4400,438.4300,438.6400,82562600
1695303000,435.7000,435.9700,431.2300,431.3900,104095800
1695389400,432.4500,434.1000,429.9900,430.4200,100829700
1695648600,429.1700,432.2700,428.7200,432.2300,70874500
1695735000,429.0900,429.8200,425.0200,425.8800,96168400
1695821400,427.0900,427.6700,422.2900,426.0500,104705800
1695907800,425.4800,430.2500,424.8700,428.5200,92258300
1695994200,431.6700,431.8500,425.9100,427.4800,115111300
1696253400,426.6200,428.6000,424.4600,427.3100,83798600
1696339800,425.0600,427.3700,420.1800,421.5900,103760600
1696426200,422.0700,425.4300,420.5600,424.6600,87453000
1696512600,424.3600,425.3700,421.1700,424.5000,70142700
1696599000,421.9700,431.1300,420.6000,429.5400,113273300
1696858200,427.5800,432.8800,427.0100,432.2900,80374400
1696944600,432.9400,437.2200,432.5300,434.5400,78607300
1697031000,435.6400,436.5800,433.1800,436.3200,62451700
1697117400,436.9500,437.3400,431.2300,433.6600,81154200
1697203800,435.2100,436.4500,429.8800,431.5000,95143100
1697463000,433.8200,437.1400,433.5700,436.0400,75433200
1697549400,432.8100,438.1400,432.4500,436.0200,75324700
1697635800,434.1900,435.1800,429.0900,430.2100,93559800
1697722200,430.9500,432.8200,425.7300,426.4300,121323000
1697808600,425.9800,426.5400,421.0800,421.1900,123919900
1698067800,419.6100,424.4500,417.8000,420.4600,92035100
1698154200,422.6500,424.8200,420.7400,423.6300,78564200
1698240600,421.8900,421.9200,417.0200,417.5500,94223200
1698327000,416.4500,417.3300,411.6000,412.5500,115156800
1698413400,414.1900,414.6000,409.2100,410.6800,107367700
1698672600,413.5600,416.6800,412.2200,415.5900,86562700
1698759000,416.1800,418.5300,414.2100,418.2000,79665200
1698845400,419.2000,423.5000,418.6500,422.6600,98068100
1698931800,426.5800,430.9200,426.5600,430.7600,94938900
1699018200,433.1400,436.2900,433.0100,434.6900,100167800
1699281000,435.4700,436.1500,433.6800,435.6900,67831700
1699367400,435.6900,437.5900,434.5100,436.9300,64256100
1699453800,437.5500,438.0900,434.8700,437.2500,61746000
1699540200,438.4300,438.4700,433.4000,433.8400,83174400
1699626600,435.9800,440.9300,433.8300,440.6100,89462200
1699885800,439.2300,441.3300,438.4200,440.1900,52236100
1699972200,446.3200,450.0600,446.0900,448.7300,97176900
1700058600,450.1100,451.3800,448.8000,449.6800,77327600
1700145000,449.2200,450.5600,448.1200,450.2300,66665800
1700231400,450.2400,451.4200,449.2900,450.7900,83133200
1700490600,450.5300,455.1300,450.5200,454.2600,69936200
1700577000,453.1800,454.1300,451.9600,453.2700,49244600
1700663400,454.9800,456.3800,453.8900,455.0200,59394900
1700836200,455.0700,455.5000,454.7300,455.3000,29737400
1701095400,454.6500,455.4900,454.0800,454.4800,50506000
1701181800,454.0800,456.2700,453.5000,454.9300,62115000
1701268200,457.1500,458.3200,454.2000,454.6100,63146000
1701354600,455.4800,456.7600,453.3400,456.4000,79752700
1701441000,455.7700,459.6500,455.1600,459.1000,89183400
1701700200,455.6000,459.1200,454.3400,456.6900,72430900
1701786600,455.2600,457.5900,454.8700,456.6000,69793500
1701873000,458.8100,458.8400,454.3100,454.7600,69124700
1701959400,456.9100,458.9000,456.2900,458.2300,66995400
1702045800,457.4600,460.7500,457.2100,460.2000,83194400
1702305000,459.6900,462.1700,459.4700,461.9900,65002200
1702391400,461.6300,464.2000,460.6000,464.1000,68327600
1702477800,464.4900,470.7600,464.1200,470.5000,93278000
1702564200,472.5000,473.7300,469.2500,472.0100,119026000
1702650600,469.4900,470.7000,467.4300,469.3300,141553700
1702909800,470.9800,472.9800,469.8900,471.9700,70375300
1702996200,472.5300,474.9200,472.4500,474.8400,55761800
1703082600,473.9600,475.9000,467.8200,468.2600,102921000
1703169000,471.3300,472.9800,468.8400,472.7000,86667500
1703255400,473.8600,475.3800,471.7000,473.6500,67160400
1703601000,474.0700,476.5800,473.9900,475.6500,55387000
1703687400,475.4400,476.6600,474.8900,476.5100,68000300
1703773800,476.8800,477.5500,476.2600,476.6900,77158100
1703860200,476.4900,477.0300,473.3000,475.3100,122283100
1704205800,472.1600,473.6700,470.4900,472.6500,123623700
1704292200,470.4300,471.1900,468.1700,468.7900,103585900
1704378600,468.3000,470.9600,467.0500,467.2800,84232200
1704465000,467.4900,470.4400,466.4300,467.9200,86118900
1704724200,468.4300,474.7500,468.3000,474.6000,74879100
1704810600,471.8700,474.9300,471.3500,473.8800,65931400
1704897000,474.1600,477.4500,473.8700,476.5600,67310600
1704983400,477.5900,478.1200,472.2600,476.3500,77940700
1705069800,477.8400,478.6000,475.2300,476.6800,58026400
1705415400,475.2600,476.6100,473.0600,474.9300,85014900
1705501800,471.8200,472.7900,469.8700,472.2900,68843900
1705588200,474.0100,477.0600,472.4200,476.4900,91856200
1705674600,477.6500,482.7200,476.5400,482.4300,110834500
1705933800,484.0100,485.2200,482.7800,483.4500,75844900
1706020200,484.0100,485.1100,482.8900,484.8600,49945300
1706106600,487.8100,488.7700,484.8800,485.3900,81765000
1706193000,487.5800,488.3100,485.3900,488.0300,72525000
1706279400,487.5900,489.1200,486.5400,487.4100,76641600
1706538600,487.7300,491.4200,487.1700,491.2700,61322800
1706625000,490.5600,491.6200,490.1100,490.8900,58618400
1706711400,488.6200,489.0800,482.8600,482.8800,126011100
1706797800,484.6300,489.2300,483.8000,489.2000,91891600
1706884200,489.6500,496.0500,489.3000,494.3500,99228200
1707143400,493.7000,494.3800,490.2300,492.5500,75757100
1707229800,493.5200,494.3200,492.0500,493.9800,55918600
1707316200,496.2900,498.5300,495.3600,498.1000,70556500
1707402600,498.1000,498.7100,497.2600,498.3200,52343600
1707489000,498.8400,501.6500,498.4900,501.2000,63979400
1707748200,501.1700,503.5000,500.2400,500.9800,56502300
1707834600,494.5300,497.0900,490.7200,494.0800,113099200
1707921000,496.7900,499.0700,494.4000,498.5700,68387800
1708007400,499.2900,502.2000,498.8000,502.0100,61683000
1708093800,501.7000,502.8700,498.7500,499.5100,75532900
1708439400,497.7200,498.4100,494.4500,496.7600,71736700
1708525800,495.4200,497.3700,493.5600,497.2100,59293400
1708612200,504.0100,508.4900,503.0200,507.5000,76402500
1708698600,509.2700,510.1300,507.1000,507.8500,61321800
1708957800,508.3000,508.7500,505.8600,505.9900,50386700
1709044200,506.7000,507.1600,504.7500,506.9300,48854500
1709130600,505.3300,506.8600,504.9600,506.2600,56506600
1709217000,508.0700,509.7400,505.3500,508.0800,83924800
1709303400,508.9800,513.2900,508.5600,512.8500,76844800
1709562600,512.0300,514.2000,512.0000,512.3000,49799300
1709649000,510.2400,510.7000,504.9100,507.1800,72855600
1709735400,510.5500,512.0700,508.4200,509.7500,68382400
1709821800,513.1400,515.8900,509.8100,514.8100,58652100
1709908200,515.4600,518.2200,511.1300,511.7200,86532500
1710163800,510.4800,511.8800,508.5000,511.2800,62557200
1710250200,513.4500,517.3800,510.8600,516.7800,73114400
1710336600,517.1100,517.2900,514.4900,515.9700,55104100
1710423000,516.9700,517.1300,511.8200,514.9500,110171800
1710509400,510.2100,511.7000,508.1200,509.8300,107646300
1710768600,514.0000,515.4800,512.4400,512.8600,88893300
1710855000,512.1500,516.0000,511.1200,515.7100,60755300
1710941400,515.7700,520.6200,515.0800,520.4800,69594600
1711027800,523.3900,524.1100,521.9100,522.2000,60256100
1711114200,522.1100,522.6100,520.9700,521.2100,79070800
1711373400,519.8000,520.9500,519.6100,519.7700,48512100
1711459800,521.2300,521.5800,518.4000,518.8100,65463700
1711546200,521.7100,523.2100,519.4900,523.1700,82999800
1711632600,523.2100,524.6100,522.7800,523.0700,96294900
1711978200,523.8300,524.3800,520.9700,522.1600,62477500
1712064600,518.2400,518.9800,516.4800,518.8400,74230300
1712151000,517.7200,520.9500,517.6700,519.4100,59155800
1712237400,523.5200,523.8700,512.7600,513.0700,96858100
1712323800,514.4600,520.4400,514.0100,518.4300,74546500
1712583000,519.1500,520.1800,517.8900,518.7200,48401800
1712669400,520.5000,520.7500,514.3500,519.3200,68049200
1712755800,513.4800,516.1600,512.0900,514.1200,82652800
1712842200,515.6800,519.4800,512.0800,518.0000,70099000
1712928600,514.3700,515.8200,509.0800,510.8500,92561100
1713187800,515.1300,515.3000,503.5800,504.4500,92101400
1713274200,504.9400,506.5000,502.2100,503.5300,73484000
1713360600,506.0500,506.2200,499.1200,500.5500,75910300
1713447000,501.9800,504.1300,498.5600,499.5200,74548100
1713533400,499.4400,500.4600,493.8600,495.1600,102212600
1713792600,497.8300,502.3800,495.4300,499.7200,67961000
1713879000,501.7800,506.0900,499.5300,505.6500,64633600
1713965400,506.5600,507.3700,503.1300,505.4100,55928100
1714051800,499.1800,504.2700,497.4900,503.4900,69122400
1714138200,506.3500,509.8800,505.7000,508.2600,64306100
1714397400,510.0900,510.7500,507.2500,510.0600,46415400
1714483800,508.5600,509.5600,501.9800,501.9800,77483600
1714570200,501.3800,508.1900,499.8700,500.3500,80242800
1714656600,504.1500,505.8900,499.5500,505.0300,62550200
1714743000,511.1600,512.5500,508.5600,511.2900,72756700
1715002200,513.7500,516.6100,513.3000,516.5700,47264700
1715088600,517.5600,518.5700,516.4500,517.1400,52561300
1715175000,515.2600,517.7400,515.1400,517.1900,42047200
1715261400,517.3800,520.2100,516.7100,520.1700,43643700
1715347800,521.8100,522.6400,519.5900,520.8400,52233200
1715607000,522.5600,522.6700,519.7400,520.9100,36716400
1715693400,521.1100,523.8300,520.5600,523.3000,57535900
1715779800,525.8300,530.0800,525.1800,529.7800,59504900
1715866200,529.8800,531.5200,528.5400,528.6900,50244800
1715952600,528.8100,529.5200,527.3200,529.4500,59187600
1716211800,529.5700,531.5600,529.1700,530.0600,37764200
1716298200,529.2800,531.5200,529.0700,531.3600,33437000
1716384600,530.6500,531.3800,527.6000,529.8300,48390000
1716471000,532.9600,533.0700,524.7200,525.9600,57211200
1716557400,527.8500,530.2700,526.8800,529.4400,41291100
1716903000,530.2700,530.5100,527.1100,529.8100,36269600
1716989400,525.6800,527.3100,525.3700,526.1000,45190300
1717075800,524.5200,525.2000,521.3300,522.6100,46377600
1717162200,523.5900,527.5000,518.3600,527.3700,90785800
1717421400,529.0200,529.3100,522.6000,527.8000,46835700
1717507800,526.4600,529.1500,524.9600,528.3900,34632700
1717594200,530.7700,534.6900,528.7300,534.6700,47610400
1717680600,534.9800,535.4200,532.6800,534.6600,30808500
1717767000,533.6600,536.8900,532.5400,534.0100,43224500
1718026200,533.1800,535.9900,532.5700,535.6600,35686100
1718112600,534.0700,537.0100,532.0500,536.9500,36383400
1718199000,541.6300,544.1200,540.3000,541.3600,63251300
1718285400,543.1500,543.3300,539.5900,542.4500,44760900
1718371800,540.8800,542.8100,539.8500,542.7800,40089900
1718631000,542.0800,548.5300,541.6100,547.1000,55839500
1718717400,547.1600,548.6200,546.7300,548.4900,41376400
1718890200,549.4400,550.1200,545.1800,547.0000,70328200
1718976600,544.4000,545.6500,543.0200,544.5100,64338600
1719235800,544.3300,546.9500,542.6200,542.7400,45528700
1719322200,543.9900,545.2000,542.4400,544.8300,37936200
1719408600,543.6900,546.2400,543.0300,545.5100,38550600
1719495000,545.3700,546.9600,544.6100,546.3700,35041500
1719581400,547.1600,550.2800,542.9500,544.2200,76144500
1719840600,545.6300,545.8800,542.5200,545.3400,40297800
1719927000,543.7000,549.0100,543.6500,549.0100,40434800
1720013400,548.6900,551.8300,548.6500,551.4600,32789900
1720186200,551.7700,555.0500,551.1200,554.6400,41488400
1720445400,555.4400,556.2500,554.1900,555.2800,36110500
1720531800,556.2600,557.1800,555.5200,555.8200,27289700
1720618200,557.0700,561.6700,556.7700,561.3200,38701200
1720704600,561.4400,562.3300,555.8300,556.4800,53054200
1720791000,557.6300,563.6700,557.1500,559.9900,53084400
1721050200,562.0300,564.8400,559.6300,561.5300,40584300
1721136600,562.8700,565.1600,562.1000,564.8600,36475300
1721223000,558.8000,560.5100,556.6100,556.9400,57119000
1721309400,558.5100,559.5200,550.4300,552.6600,56270400
1721395800,552.4200,554.0800,547.9100,548.9900,65509100
1721655000,553.0000,555.2700,551.0200,554.6500,43346700
1721741400,554.5400,556.7400,553.2800,553.7800,34439600
1721827800,548.8600,549.1700,540.2900,541.2300,74515300
1721914200,541.3500,547.4600,537.4500,538.4100,61158300
1722000600,542.2800,547.1900,541.4900,544.4400,53763800
1722259800,546.0200,547.0500,542.7200,544.7600,39515800
1722346200,546.2600,547.3400,538.5200,542.0000,46853600
1722432600,548.9800,553.5000,547.5800,550.8100,65663400
1722519000,552.5700,554.8700,539.4300,543.0100,76428700
1722605400,535.7500,536.9900,528.6000,532.9000,82789100
1722864600,511.6400,523.5800,510.2700,517.3800,146267400
1722951000,519.2200,529.7500,517.8700,522.1500,84826300
1723037400,528.4700,531.5900,518.0500,518.6600,70698300
1723123800,523.9100,531.2900,521.8400,530.6500,63276600
1723210200,529.8100,534.5100,528.5600,532.9900,45619600
1723469400,534.2100,535.7300,530.9500,533.2700,42542100
1723555800,536.5300,542.2800,536.2800,542.0400,52333100
1723642200,542.8500,544.9600,540.1200,543.7500,42446900
1723728600,549.5000,553.3600,548.8800,553.0700,60846800
1723815000,551.4200,555.0200,551.2600,554.3100,44430700
1724074200,554.7300,559.6100,553.8600,559.6100,39121800
1724160600,559.1500,560.8400,557.3300,558.7000,33732300
1724247000,559.7700,562.1100,554.7300,560.6200,41514600
1724333400,562.5600,563.1800,554.9800,556.2200,56121500
1724419800,559.5300,563.0900,557.2900,562.1300,50639400
1724679000,563.1800,563.9100,559.0500,560.7900,35788600
1724765400,559.4900,562.0600,558.3200,561.5600,32693900
1724851800,561.2100,561.6500,555.0400,558.3000,41066000
1724938200,560.3100,563.6800,557.1800,558.3500,38715200
1725024600,560.7700,564.2000,557.1400,563.6800,62700100
1725370200,560.4700,560.8100,549.5100,552.0800,60600100
1725456600,550.2000,554.4300,549.4600,550.9500,47224900
1725543000,550.8900,553.8000,547.1000,549.6100,44264300
1725629400,549.9400,551.6000,539.4400,540.3600,68493800
1725888600,544.6500,547.7100,542.6800,546.4100,40445800
1725975000,548.3600,549.1500,543.3800,548.7900,36394600
1726061400,548.7000,555.3600,539.9600,554.4200,75248600
1726147800,555.0100,559.4000,552.7400,559.0900,51819600
1726234200,559.7100,563.0300,559.4500,562.0100,39310500
1726493400,561.7400,563.1100,559.9000,562.8400,36656100
1726579800,565.1000,566.5800,560.7900,563.0700,49321000
1726666200,563.7400,568.6900,560.8300,561.4000,59044900
1726752600,571.0100,572.8800,568.0800,570.9800,75315500
1726839000,567.8400,569.3100,565.1700,568.2500,77503100
1727098200,569.3400,570.3300,568.1000,569.6700,44116900
1727184600,570.4800,571.3600,567.6000,571.3000,46805700
1727271000,571.1400,571.8900,568.9100,570.0400,38428600
1727357400,574.3800,574.7100,569.9000,572.3000,48336000
1727443800,573.3900,574.2200,570.4200,571.4700,42100900
1727703000,570.4200,574.3800,568.0800,573.7600,63557400
1727789400,573.4000,574.0600,566.0000,568.6200,72668800
1727875800,567.7100,569.9000,565.2700,568.8600,38097800
1727962200,567.3600,569.8000,565.4900,567.8200,40846500
1728048600,572.3500,573.3600,568.1000,572.9800,42939100
1728307800,571.3000,571.9600,566.6300,567.8000,49964700
1728394200,570.4200,573.7800,569.5300,573.1700,37398700
1728480600,573.1600,577.7100,572.5500,577.1400,37912200
1728567000,575.7700,577.5800,574.4900,576.1300,44138100
1728653400,576.0500,580.3300,575.9100,579.5800,42268000
1728912600,581.2200,585.2700,580.7300,584.3200,36217200
1728999000,584.5900,584.9000,578.5400,579.7800,54203600
1729085400,579.7800,582.8300,578.9600,582.3000,30725400
1729171800,585.9100,586.1200,582.1600,582.3500,34393700
1729258200,584.0700,585.3900,582.5800,584.5900,37416800
1729517400,583.8500,584.8500,580.6000,583.6300,36439000
1729603800,581.0500,584.5000,580.3800,583.3200,34183800
1729690200,581.2600,581.7100,574.4200,577.9900,49314600
1729776600,579.9800,580.0600,576.5700,579.2400,34979900
1729863000,581.5100,584.4600,578.0800,579.0400,47268200
1730122200,582.5800,582.7100,580.5200,580.8300,30174700
1730208600,579.8500,582.9100,578.4300,581.7700,42899700
1730295000,581.2900,583.3200,579.2900,580.0100,41435800
1730381400,575.5600,575.6300,568.4400,568.6400,60182500
1730467800,571.3200,575.5500,570.6200,571.0400,45667500
1730730600,571.1800,572.5000,567.8900,569.8100,38217000
1730817000,570.7400,576.7400,570.5200,576.7000,39478300
1730903400,589.2000,591.9300,585.3900,591.0400,68182000
1730989800,593.0800,596.6500,593.0000,595.6100,47233200
1731076200,596.1700,599.6400,596.1700,598.1900,46444900
1731335400,599.8100,600.1700,597.0000,598.7600,37586800
1731421800,598.6800,599.2900,594.3700,596.9000,43006100
1731508200,597.3700,599.2300,594.9600,597.1900,47388600
1731594600,597.3200,597.8100,592.6500,593.3500,38904100
1731681000,589.7200,590.2000,583.8600,585.7500,75988800
1731940200,586.2200,589.4900,585.3400,588.1500,37001700
1732026600,584.7100,591.0400,584.0300,590.3000,49412000
1732113000,590.3800,590.7900,584.6300,590.5000,50032600
1732199400,593.4000,595.1200,587.4500,593.6700,46750300
1732285800,593.6600,596.1500,593.1500,595.5100,38226400
1732545000,599.5200,600.8600,595.2000,597.5300,42441400
1732631400,598.8000,601.3300,598.0700,600.6500,45621300
1732717800,600.4600,600.8500,597.2800,598.8300,34000200
1732890600,599.6600,603.3500,599.3800,602.5500,30177400
1733149800,602.9700,604.3200,602.4700,603.6300,31746000
1733236200,603.3900,604.1600,602.3400,603.9100,26906600
1733322600,605.6300,607.9100,604.9500,607.6600,42787600
1733409000,607.6600,608.4800,606.3000,606.6600,28762200
1733495400,607.4400,609.0700,607.0200,607.8100,31241500
1733754600,607.6900,607.8600,604.0800,604.6800,34742700
1733841000,605.3700,605.8000,602.1300,602.8000,37234500
1733927400,605.7800,608.4300,605.5000,607.4600,28677700
1734013800,606.5800,607.1600,604.3300,604.3300,31543800
1734100200,606.4000,607.1300,602.8100,604.2100,35904700
1734359400,606.0000,607.7800,605.2100,606.7900,43695200
1734445800,604.1900,605.1700,602.8900,604.2900,55773500
1734532200,603.9800,606.4100,585.8900,586.2800,108248700
1734618600,591.3600,593.0000,585.8500,586.1000,85919500
1734705000,581.7700,595.7500,580.9100,591.1500,125716700
1734964200,590.8900,595.3000,587.6600,594.6900,57635800
1735050600,596.0600,601.3400,595.4700,601.3000,33160100
1735223400,599.5000,602.4800,598.0800,601.3400,41219100
1735309800,597.5400,597.7800,590.7600,595.0100,64969300
1735569000,587.8900,591.7400,584.4100,588.2200,56578800
1735655400,589.9100,590.6400,584.4200,586.0800,57052700
1735828200,589.3900,591.1300,580.5000,584.6400,50204000
1735914600,587.5300,592.6000,586.4300,591.9500,37888500
1736173800,596.2700,599.7000,593.6000,595.3600,47679400
1736260200,597.4200,597.7500,586.7800,588.6300,60393100
1736346600,588.7000,590.5800,585.2000,589.4900,47304700
1736519400,585.8800,585.9500,578.5500,580.4900,73105000
1736778600,575.7700,581.7500,575.3500,581.3900,47910100
1736865000,584.3600,585.0000,578.3500,582.1900,48420600
1736951400,590.3300,593.9400,589.2000,592.7800,56900200
1737037800,594.1700,594.3500,590.9300,591.6400,43319700
1737124200,596.9600,599.3600,595.6100,597.5800,58070600
1737469800,600.6700,603.0600,598.6700,603.0500,42532900
1737556200,605.9200,607.8200,605.3600,606.4400,48196000
1737642600,605.8000,609.7500,605.5200,609.7500,41152100
1737729000,609.8100,610.7800,606.8000,607.9700,34604700
1737988200,594.8100,599.6900,594.6400,599.3700,70361100
1738074600,600.6200,605.3700,597.2500,604.5200,44433300
1738161000,603.7200,604.1300,599.2200,601.8100,37177400
1738247400,603.9600,606.6000,600.7200,605.0400,39281300
1738333800,607.5000,609.9600,601.0500,601.8200,66566900
1738593000,592.6700,600.2900,590.4900,597.7700,65857200
1738679400,597.8300,602.3000,597.2800,601.7800,33457800
1738765800,600.6400,604.3700,598.5800,604.2200,30653100
1738852200,605.9900,606.4500,602.6300,606.3200,35771500
1738938600,606.8900,608.1300,600.0500,600.7700,50788500
1739197800,604.0300,605.5000,602.7400,604.8500,26048700
1739284200,602.5500,605.8600,602.4300,605.3100,30056700
1739370600,599.2000,604.5500,598.5100,603.3600,45076100
1739457000,604.4800,609.9400,603.2000,609.7300,40921300
1739543400,609.9400,610.9900,609.0700,609.7000,26910400
1739889000,610.8800,611.4900,608.3800,611.4900,26749000
1739975400,610.0800,613.2300,609.5600,612.9300,31011100
1740061800,611.5400,611.6800,607.0200,610.3800,36554000
1740148200,610.1600,610.3000,599.4700,599.9400,76519800
1740407400,602.0200,603.0300,596.4900,597.2100,50737200
1740493800,597.1500,597.8900,589.5600,594.2400,58266500
1740580200,595.9300,599.5800,591.8600,594.5400,43321600
1740666600,596.8500,598.0200,584.6500,585.0500,74196700
1740753000,585.5600,594.7200,582.4400,594.1800,88744100
1741012200,596.1800,597.3400,579.9000,583.7700,74249200
1741098600,579.7100,585.3900,572.2500,576.8600,109648200
1741185000,576.6900,584.8800,573.0800,583.0600,71230500
1741271400,575.4800,580.1700,570.1200,572.7100,80094900
1741357800,570.9000,577.3900,565.6300,575.9200,81158800
1741613400,567.5900,569.5400,555.5900,560.5800,99326600
1741699800,559.4000,564.0200,552.0200,555.9200,88102100
1741786200,562.1700,563.1100,553.6900,558.8700,69588200
1741872600,558.4900,559.1100,549.6800,551.4200,74079400
1741959000,556.1100,563.8300,551.4900,562.8100,62660300
1742218200,562.7900,569.7100,562.3500,567.1500,49008700
1742304600,564.8000,565.0200,559.0600,561.0200,66041400
1742391000,562.8300,570.9500,561.6300,567.1300,66556000
1742477400,563.3300,570.5700,562.6000,565.4900,62958200
1742563800,559.2800,564.8900,558.0300,563.9800,83763000
1742823000,570.8000,575.1500,570.2000,574.0800,58766800
1742909400,575.3000,576.4100,573.6900,575.4600,38355700
1742995800,575.1900,576.3300,567.1900,568.5900,51848300
1743082200,567.1800,570.9000,564.9400,567.0800,42164200
1743168600,565.5300,566.2700,555.0700,555.6600,71662700
1743427800,549.8300,560.7100,546.8700,559.3900,95328200
1743514200,557.4500,562.9400,553.6800,560.9700,54609600
1743600600,555.0500,567.4200,554.8100,564.5200,76014500
1743687000,545.1100,547.9700,536.7000,536.7000,125986000
1743773400,523.6700,525.8700,505.0600,505.2800,217965100
1744032600,489.1900,523.1700,481.8000,504.3800,256611400
1744119000,521.8600,524.9800,489.1600,496.4800,165816600
1744205400,493.4400,548.6200,493.0500,548.6200,241867300
1744291800,532.1700,533.5000,509.3200,524.5800,162331200
1744378200,523.0100,536.4300,520.0700,533.9400,97866300
1744637400,544.0500,544.2800,533.8600,539.1200,68034000
1744723800,539.6700,543.2300,536.8100,537.6100,56892900
1744810200,531.6800,537.8900,520.2900,525.6600,83484800
1744896600,527.6400,531.1700,523.9100,526.4100,79868100
1745242200,521.1600,521.7000,508.4600,513.8800,69368100
1745328600,520.1400,529.3000,519.1900,527.2500,75948100
1745415000,540.4300,545.4300,533.8800,535.4200,90590700
1745501400,536.7200,547.4300,535.4500,546.6900,64150400
1745587800,546.6500,551.0500,543.6900,550.6400,61119600
1745847000,551.3900,553.5500,545.0200,550.8500,47613800
1745933400,548.9100,555.4500,548.5500,554.3200,47775100
1746019800,547.5700,556.5200,541.5200,554.5400,93101500
1746106200,560.3700,564.0700,557.8600,558.4700,63186100
1746192600,564.7300,568.3800,562.3800,566.7600,60717300
1746451800,562.5700,566.6500,561.7000,563.5100,38659200
1746538200,557.9300,563.3500,556.9600,558.8000,48264700
1746624600,560.1500,563.8200,556.0400,561.1500,55588000
1746711000,565.2400,570.3100,561.7000,565.0600,65130800
1746797400,566.4800,567.5000,562.7600,564.3400,37603400
1747056600,581.4700,583.0000,577.0400,582.9900,78993600
1747143000,583.4100,589.0800,582.8400,586.8400,67947200
1747229400,587.8100,588.9800,585.5400,587.5900,66283500
1747315800,585.5600,590.9700,585.1000,590.4600,71268100
1747402200,591.2500,594.5000,589.2800,594.2000,76052100
1747661400,588.1000,595.5400,588.1000,594.8500,68168500
1747747800,593.0900,594.0500,589.6000,592.8500,60614500
1747834200,588.4400,592.5800,581.8200,582.8600,95197700
1747920600,582.6600,586.6200,581.4100,583.0900,70860400
1748007000,575.9800,581.8100,575.6000,579.1100,76029000
1748352600,586.0700,591.3100,578.4300,591.1500,72588500
1748439000,591.5600,592.7700,586.9900,587.7300,68445500
1748525400,593.0600,593.2000,586.0700,590.0500,69973300
1748611800,588.9300,591.1300,583.2400,589.3900,90601200
1748871000,587.7600,592.7900,585.0600,592.7100,61630500
1748957400,592.3400,597.0800,591.8500,596.0900,63606200
1749043800,596.9600,597.9500,595.4900,595.9300,57314200
1749130200,597.6300,599.0000,591.0500,593.0500,92278700
1749216600,598.6600,600.8300,596.8600,599.1400,66588700
1749475800,599.7200,601.2500,598.4900,599.6800,53016400
1749562200,600.2200,603.4700,599.0900,603.0800,66247000
1749648600,604.1900,605.0600,599.2700,601.3600,73658200
1749735000,600.0100,603.7500,599.5200,603.7500,64129000
1749821400,598.5000,601.8500,595.4800,597.0000,89506000
1750080600,600.4000,604.4500,600.2200,602.6800,79984100
1750167000,600.2100,601.7500,596.7600,597.5300,82209400
1750253400,598.4400,601.2200,596.4700,597.4400,76605000
1750426200,598.3800,599.4600,592.8600,594.2800,94051400
1750685400,595.0400,600.5400,591.8900,600.1500,87426000
1750771800,604.3300,607.8500,603.4100,606.7800,67735300
1750858200,607.9100,608.6100,605.5400,607.1200,62114800
1750944600,608.9900,612.3100,608.3700,611.8700,78548400
1751031000,612.8800,616.3900,610.8300,614.9100,86258400
1751290200,617.3800,619.2200,615.0400,617.8500,92502500
1751376600,616.3600,618.8300,615.5200,617.6500,70030100
1751463000,617.2400,620.4900,616.6100,620.4500,66510400
1751549400,622.4500,626.2800,622.4300,625.3400,51065800
1751895000,623.3600,624.0300,617.8700,620.6800,74814500
1751981400,621.3500,622.1100,619.5200,620.3400,59024600
1752067800,622.7700,624.7200,620.9100,624.0600,66113300
1752154200,624.2000,626.8700,623.0100,625.8200,57529000
1752240600,622.7400,624.8600,621.5300,623.6200,63670200
1752499800,623.1600,625.1600,621.8000,624.8100,51898500
1752586200,627.5200,627.8600,622.0600,622.1400,74317300
1752672600,623.7400,624.7300,618.0500,624.2200,88987500
1752759000,624.4000,628.4000,624.1800,628.0400,68885700
1752845400,629.3000,629.4700,626.4600,627.5800,65621600
1753104600,628.7700,631.5400,628.3400,628.7700,63375000
1753191000,629.1000,629.7300,626.1900,628.8600,60046300
1753277400,631.5500,634.2100,629.7300,634.2100,70511000
1753363800,634.6000,636.1500,633.9900,634.4200,71307100
1753450200,635.0900,637.5800,634.8400,637.1000,56865400
1753709400,637.4800,638.0400,635.5400,636.9400,54917100
1753795800,638.3500,638.6700,634.3400,635.2600,60556300
1753882200,635.9200,637.6800,631.5400,634.4600,80418900
1753968600,639.4600,639.8500,630.7700,632.0800,103385200
1754055000,626.3000,626.3400,619.2900,621.7200,140103600
1754314200,625.6700,631.2200,625.5800,631.1700,73218000
1754400600,631.7900,632.6100,627.0400,627.9700,68051400
1754487000,629.0500,633.4400,628.1300,632.7800,64357500
1754573400,636.2400,636.9800,629.1100,632.2500,74205800
1754659800,634.0600,637.6500,633.7400,637.1800,64051600
1754919000,637.4600,638.9500,634.6600,635.9200,58742300
1755005400,638.2900,642.8500,636.7900,642.6900,64730800
1755091800,644.9100,646.1900,642.6800,644.8900,60092800
1755178200,642.7900,645.6200,642.3400,644.9500,59327500
1755264600,645.9900,646.0900,642.5200,643.4400,68592500
1755523800,642.8600,644.0000,642.1800,643.3000,43804900
1755610200,643.1200,644.1100,638.4800,639.8100,69750700
1755696600,639.4000,639.6600,632.9500,638.1100,88890300
1755783000,636.2800,637.9700,633.8100,635.5500,54805800
1755869400,637.7600,646.5000,637.2500,645.3100,84083200
1756128600,644.0400,645.2900,642.3500,642.4700,51274300
1756215000,642.2000,645.5100,641.5700,645.1600,51581600
1756301400,644.5700,647.3700,644.4200,646.6300,48341100
1756387800,647.2400,649.4800,645.3400,648.9200,61519500
1756474200,647.4700,647.8400,643.1400,645.0500,74522200
1756819800,637.5000,640.4900,634.9200,640.2700,81983500
1756906200,642.6700,644.2100,640.4600,643.7400,70820900
1756992600,644.4200,649.1500,643.5100,649.1200,65219200
1757079000,651.4800,652.2100,643.3300,647.2400,85178900
1757338200,648.6200,649.8400,647.2300,648.8300,63133100
1757424600,648.9700,650.8600,647.2200,650.3300,66133900
1757511000,653.6200,654.5500,650.6300,652.2100,78034500
1757597400,654.1800,658.3300,653.5900,657.6300,69934400
1757683800,657.6000,659.1100,656.9000,657.4100,72780100
1757943000,659.6400,661.0400,659.3400,660.9100,63772400
1758029400,661.4700,661.7800,659.2100,660.0000,61169000
1758115800,660.0100,661.7200,654.3000,659.1800,101952200
1758202200,661.8900,664.8900,660.2700,662.2600,90459200
1758288600,662.3300,664.5500,660.3700,663.7000,97945600
1758547800,662.2000,667.2900,662.1700,666.8400,69452200
1758634200,666.7200,667.3400,661.9800,663.2100,81708900
1758720600,664.5100,664.6100,659.6700,661.1000,68082200
1758807000,657.9400,659.4100,654.4100,658.0500,89622100
1758893400,659.5100,662.3700,657.8800,661.8200,69179200
1759152600,664.3600,665.2800,661.8600,663.6800,73499000
1759239000,662.9300,666.6500,661.6100,666.1800,86288000
1759325400,663.1700,669.3700,663.0600,668.4500,72545400
1759411800,670.4500,670.5700,666.7800,669.2200,56896000
1759498200,669.9900,672.6800,668.1600,669.2100,70494400
1759757400,671.6200,672.5100,669.4600,671.6100,54623300
1759843800,672.5400,672.9900,667.6700,669.1200,72020100
1759930200,670.2500,673.2100,669.4200,673.1100,60702200
1760016600,673.5300,673.9400,669.2100,671.1600,66501900
1760103000,672.1300,673.9500,652.8400,653.0200,159422600
1760362200,660.6500,665.1300,659.7700,663.0400,79560500
1760448600,657.1700,665.8300,653.1700,662.2300,88779600
1760535000,666.8200,670.2300,658.9300,665.1700,81702600
1760621400,666.8200,668.7100,657.1100,660.6400,110563300
1760707800,659.5000,665.7600,658.1400,664.3900,96500900
1760967000,667.3200,672.2100,667.2700,671.3000,60493400
1761053400,671.4400,672.9900,669.9800,671.2900,56249000
1761139800,672.0000,672.0000,663.3000,667.8000,80564000
1761226200,668.1200,672.7100,667.8000,671.7600,65604500
1761312600,676.4600,678.4700,675.6500,677.2500,74356500
1761571800,682.7300,685.5400,682.1200,685.2400,63339800
1761658200,687.0500,688.9100,684.8300,687.0600,61738100
1761744600,688.7200,689.7000,682.8700,687.3900,85657100
1761831000,683.9000,685.9400,679.8300,679.8300,76335800
1761917400,685.0400,685.0800,679.2400,682.0600,87164100
1762180200,685.6700,685.8000,679.9400,683.3400,57315000
1762266600,676.1100,679.9600,674.5800,675.2400,78427000
1762353000,674.9800,680.8600,674.1700,677.5800,74402400
1762439400,676.4700,677.3800,668.7200,670.3100,85035300
1762525800,667.9100,671.0800,661.2100,670.9700,100592400
1762785000,677.2400,682.1800,675.0300,681.4400,75842900
1762871400,679.9500,683.5700,678.7300,683.0000,58953400
1762957800,684.7900,684.9600,680.9500,683.3800,62312500
1763044200,680.5000,680.8600,670.5200,672.0400,103457800
1763130600,665.3800,675.6600,663.2700,671.9300,96846700
1763389800,669.7000,673.7100,662.1700,665.6700,90456100
1763476200,662.1000,665.1200,655.8600,660.0800,114467500
1763562600,660.7800,667.3400,658.7500,662.6300,94703000
1763649000,672.9100,675.5600,651.8900,652.5300,165293500
1763735400,655.0500,664.5500,650.8500,659.0300,123956200
1763994600,662.6900,670.0600,661.5900,668.7300,80437900
1764081000,668.6300,676.2100,664.4800,675.0200,81077100
1764167400,677.6300,681.7000,676.7200,679.6800,71879600
1764340200,680.8600,683.6700,680.5000,683.3900,49212000
1764599400,678.8100,682.9900,678.7400,680.2700,61201200
1764685800,681.9200,683.8200,679.3300,681.5300,62953800
1764772200,680.5700,684.9100,679.6900,683.8900,57238500
1764858600,685.3000,685.3700,681.3400,684.3900,61970300
1764945000,685.4700,688.3900,684.5800,685.6900,79241000
1765204200,686.5900,686.6400,681.5700,683.6300,55231500
1765290600,683.1500,685.3900,682.5900,683.0400,58310100
1765377000,682.5600,688.9700,681.3100,687.5700,85671300
1765463400,685.1400,689.2500,682.1700,689.1700,86173700
1765549800,688.1700,688.8800,679.1700,681.7600,113160300
1765809000,685.7400,685.7600,679.2500,680.7300,90811000
1765895400,679.2300,681.0800,674.9800,678.8700,122030600
1765981800,679.8900,680.4400,671.2000,671.4000,110625200
1766068200,677.6000,680.7400,674.9000,676.4700,108650100
1766154600,676.5900,681.0900,676.4700,680.5900,103599500
1766413800,683.9400,685.3600,680.5900,684.8300,69556700
1766500200,683.9200,688.2000,683.8700,687.9600,64840000
1766586600,687.9500,690.8300,687.8000,690.3800,39445600
1766759400,690.6400,691.6600,689.2700,690.3100,41613300
1767018600,687.5400,689.2000,686.0700,687.8500,62559500
1767105000,687.4500,688.5600,686.5800,687.0100,47160700
1767191400,687.1400,687.3600,681.7100,681.9200,74144800
1767364200,685.7100,686.8700,679.8200,683.1700,89377200
1767623400,686.5400,689.4300,686.3800,687.7200,71927200
1767709800,687.9300,692.3200,687.7800,691.8100,69273800
1767796200,692.1900,693.9600,689.3200,689.5800,75588300
1767882600,688.8200,690.6200,687.4900,689.5100,64019200
1767969000,690.6300,695.3100,689.1800,694.0700,80125500
1768228200,690.6800,696.0900,690.6300,695.1600,63976000
1768314600,695.4900,696.0900,691.3500,693.7700,78309700
1768401000,691.0000,691.7200,686.0400,690.3600,94676700
1768487400,694.5700,695.4500,691.2500,692.2400,77862000
1768573800,693.6600,694.2500,690.1000,691.6600,79289200
1768919400,681.4900,684.7700,676.5700,677.5800,111623300
1769005800,679.6500,688.7400,678.1300,685.4000,127844500
1769092200,689.8500,691.1300,686.9200,688.9800,77112200
1769178600,688.1500,690.9600,687.1600,689.2300,63059600
1769437800,690.4900,694.1300,689.9200,692.7300,60473800
1769524200,694.1800,696.5300,693.5700,695.4900,55506100
1769610600,697.0500,697.8400,693.9400,695.4200,61172200
1769697000,696.3900,697.0600,684.8300,694.0400,97486200
1769783400,691.7900,694.2100,687.1200,691.9700,101835100
1770042600,689.5800,696.9300,689.4200,695.4100,79286500
1770129000,696.2100,696.9600,684.0300,689.5300,107904600
1770215400,690.3500,691.4500,681.7600,686.1900,105204600
1770301800,680.9400,683.6900,675.7900,677.6200,113610800
1770388200,681.4600,692.3100,680.8500,690.6200,89127600
1770647400,689.4200,695.8700,688.3400,693.9500,73885200
1770733800,694.9500,696.5400,691.6600,692.1200,65185700
1770820200,696.3900,697.1400,689.1800,691.9600,76353900
1770906600,694.2400,695.3500,680.3700,681.2700,118829000
1770993000,681.6900,686.2800,677.5200,681.7500,96267500
1771338600,680.1400,684.9400,675.7800,682.8500,81354700
1771425000,684.0200,689.1500,682.8300,686.2900,73570300
1771511400,683.8400,686.1800,681.5500,684.4800,58649400
1771597800,682.3200,690.0600,681.7300,689.4300,100034000
1771857000,687.8300,690.0000,680.3700,682.3900,90558100
1771943400,681.9000,688.3500,680.0000,687.3500,73798700
1772029800,690.1800,693.6800,690.1000,693.1500,56369500
1772116200,693.2800,693.3000,684.3500,689.3000,71671000
1772202600,683.0900,686.8600,681.6400,685.9900,83308900
1772461800,678.7000,688.6200,678.0200,686.3800,87477200
1772548200,675.0600,682.6100,669.6600,680.3300,105003100
1772634600,681.6300,687.0900,679.6200,685.1300,79182200
1772721000,682.0800,685.5300,675.6100,681.3100,106606500
1772807400,673.4100,676.1100,669.7600,672.3800,100687000
1773063000,666.3900,679.9200,662.3900,678.2700,102667700
1773149400,677.7200,683.3600,674.7600,677.1800,81505300
1773235800,677.5800,680.0800,673.3400,676.3300,68441700
1773322200,671.1600,671.6500,665.8700,666.0600,108882200
1773408600,669.2700,672.3400,661.3600,662.2900,97200200
1773667800,668.3800,672.0700,667.1200,669.0300,82023100
1773754200,672.3900,674.4400,669.7000,670.7900,87128000
1773840600,668.3600,669.7200,661.1900,661.4300,82062600
1773927000,656.9700,662.9800,655.1700,659.8000,111272500
1774013400,656.5100,656.6900,644.7200,648.5700,163617500
1774272600,658.0700,662.6200,653.9400,655.3800,134802700
1774359000,651.3200,657.0300,649.8800,653.1800,96457500
1774445400,658.6700,660.8900,654.2400,656.8200,90653800
1774531800,652.0600,654.8500,644.8200,645.0900,96494400
1774618200,642.5000,642.6600,633.1100,634.0900,103649400
1774877400,640.1100,640.3700,629.2800,631.9700,99275900
1774963800,638.9400,651.5400,637.9800,650.3400,152534100
1775050200,653.9000,658.5200,653.0000,655.2400,97841500
1775136600,646.4200,658.2000,645.1100,655.8300,68358700
1775482200,655.8600,659.7200,655.5200,658.9300,39105800
1775568600,656.6500,659.6100,651.0600,659.2200,69980400
1775655000,676.3900,677.0800,671.4600,676.0100,93606100
1775741400,674.8400,681.1600,673.7700,679.9100,57134400
1775827800,681.3200,682.0300,678.4500,679.4600,42253500
1776087000,677.4100,686.3000,676.5800,686.1000,54185800
1776173400,687.6900,694.5800,687.6600,694.4600,63480500
1776259800,695.2600,700.2800,694.2000,699.9400,58240400
1776346200,701.0600,702.7800,698.5300,701.6600,49972400
1776432600,706.1400,712.3900,705.7600,710.1400,70661900
1776691800,708.7800,709.9100,706.1400,708.7200,43546800
1776778200,710.2800,711.2800,702.6400,704.0800,58941400
1776864600,709.1500,711.4500,708.2200,711.2100,42518500
1776951000,709.5000,712.3600,702.2800,708.4500,56174000
1777037400,710.7500,714.4700,709.0100,713.9400,45182000
1777296600,713.1700,715.6300,712.3000,715.1700,33135900
1777383000,711.8200,712.8800,709.2500,711.6900,43117400
1777469400,711.0000,712.2000,708.3700,711.5800,41859200
1777555800,714.6300,719.7900,710.4500,718.6600,67240900
1777642200,721.2500,724.8700,720.4700,720.6500,43049800
1777901400,720.0700,722.1200,714.9900,718.0100,51950600
1777987800,721.7700,725.0400,721.4900,723.7700,36933200
1778074200,728.1600,734.5900,727.8200,733.8300,53288900
1778160600,735.0500,736.1300,729.7500,731.5800,51724600
1778247000,734.9300,738.0800,734.5700,737.6200,47227100
1778506200,736.4500,740.7900,736.4500,739.3000,44024000
1778592600,736.8900,738.8400,731.8300,738.1800,54185300
1778679000,738.4700,743.9100,735.4700,742.3100,44200200
1778765400,743.6500,749.5300,743.5600,748.1700,45307600
1778851800,741.7900,743.4600,737.9600,739.1700,60410800
1779111000,739.8300,741.4200,733.3900,738.6500,47843900
1779197400,734.7800,737.6500,731.5300,733.7300,54255900
1779283800,735.7100,741.8700,733.8900,741.2500,45768000
1779370200,738.6400,744.8700,737.0300,742.7200,43332200
1779456600,746.2400,748.9400,744.4800,745.6400,41762000
1779802200,750.0100,752.1300,748.3700,750.5900,41123600
1779888600,750.8800,751.3800,748.2200,750.4600,42106300
1779975000,750.2500,755.1500,749.2300,754.6000,41562600
1780061400,755.9000,758.0800,754.6900,756.4800,55075700
1780320600,755.3600,760.2800,754.6900,758.5400,43634900
1780407000,757.0300,760.4000,756.7500,759.5700,31581900
1780493400,758.1500,758.8000,753.5700,754.2400,51402500
1780579800,752.1000,758.3100,751.4700,757.0900,49923000
1780666200,752.3100,752.8200,735.5300,737.5500,93989400
1780925400,743.3600,745.3400,738.1900,739.2200,49319100
1781011800,743.6300,746.9000,722.5900,737.0500,87683500
1781098200,733.3900,738.3800,725.3300,725.4300,60341300
1781184600,728.7600,740.0000,724.4100,737.7600,86330500
1781271000,740.7100,744.4400,735.0300,741.7500,57079500
1781530200,751.8500,756.6800,751.7600,754.8300,60176400
1781616600,754.5500,755.4400,749.8800,750.3300,67093100
1781703000,751.2900,752.1500,739.2200,740.9600,85945200
1781789400,747.7600,748.2300,743.8600,746.7400,80875700
1782135000,747.7000,750.1800,743.1300,744.3900,46628100
1782221400,733.8100,739.6300,732.3000,733.5800,66846800
1782307800,735.1700,739.9500,730.8400,733.2400,57439500
1782394200,738.9100,739.3700,729.6000,734.3000,53934400
1782480600,728.9500,736.5300,716.5800,728.9900,71034000
1782739800,736.5300,741.5600,732.0900,741.0000,58035200
1782826200,741.2900,748.0200,740.8900,746.7700,55626000
1782912600,745.0000,749.4400,742.3800,745.7600,47100900
1782999000,747.4000,751.3100,740.0300,744.7800,57447800
1783344600,748.7400,752.4100,747.4100,751.2800,50673300
1783431000,750.2200,750.9600,745.2100,747.7100,43721500
1783517400,743.1600,746.1500,739.5100,745.4000,43767400
1783603800,747.3500,751.9700,745.5900,751.7100,41441700
1783690200,752.0500,755.4200,748.1000,754.9500,42191300
1783949400,752.4700,753.9100,748.0000,749.1700,44013600
1784035800,750.9100,753.3400,748.6600,751.8300,35143100
1784122200,754.2400,755.5800,750.2000,754.8100,43844800
1784208600,752.7600,754.5700,747.8800,750.7200,46409800
1784295000,742.0800,747.2900,740.8000,743.2900,62651000
1784554200,747.0600,748.7300,741.5100,742.0900,50422300
1784640600,746.2900,749.0400,744.1800,748.2800,34324300
1784727000,746.6200,750.0200,746.3700,747.4100,32836200
1784813400,739.3700,742.5600,735.2100,738.1800,55437300
1784899800,738.5100,743.7200,737.2900,738.9300,44782000
1785159000,744.9100,745.5300,735.8700,739.0900,41461200
1785245400,739.1900,742.7900,735.9800,740.8600,47322200
1785331800,739.9700,742.6800,729.1000,729.4600,70697200
1785418200,736.0500,742.4500,734.5900,741.6900,66811300
1785504600,744.6800,748.9000,737.6800,747.0300,62445900
1785763800,749.4400,758.5800,748.8000,757.6700,59927500
1785850200,760.6300,773.4100,760.5200,771.3300,69154800
1785936600,775.8500,776.8500,769.5100,769.7900,44689100
1786023000,770.2100,771.8200,767.4600,768.5600,38416900
1786109400,771.0200,773.9200,769.6100,773.2600,43586300
1786368600,772.6000,775.0500,771.6200,773.0300,39249500
1786455000,774.5300,774.6100,769.2000,770.5600,36740600
1786541400,774.7100,774.9000,771.2800,772.4900,33179100
1786627800,774.8700,779.3700,774.1100,777.8800,35634500
1786714200,778.5400,778.8000,775.4300,776.3400,31332500
